round,verdict,solution_length,counterexamples,stuck_count,consecutive_robust,timestamp
1,SUSPICIOUS,11538,0,0,0,2025-11-25 22:20:43
2,SUSPICIOUS,11008,0,0,0,2025-11-25 22:22:51
3,SUSPICIOUS,10988,0,0,0,2025-11-25 22:25:31
4,BROKEN,5839,1,0,0,2025-11-25 22:27:41
5,SUSPICIOUS,3728,0,0,0,2025-11-25 22:29:46
6,BROKEN,12349,1,0,0,2025-11-25 22:35:10
7,BROKEN,12349,1,1,0,2025-11-25 22:39:04
8,BROKEN,5766,1,1,0,2025-11-25 22:44:06
9,SUSPICIOUS,5590,0,1,0,2025-11-25 22:46:45
10,SUSPICIOUS,5590,0,2,0,2025-11-25 22:49:34
11,BROKEN,5082,0,1,0,2025-11-25 22:51:08
12,BROKEN,5082,0,2,0,2025-11-25 22:53:02
13,BROKEN,4735,1,1,0,2025-11-25 22:56:51
14,BROKEN,4735,1,2,0,2025-11-25 22:58:52
15,SUSPICIOUS,4735,0,3,0,2025-11-25 23:00:45
16,ROBUST,4740,0,0,0,2025-11-25 23:05:16
17,ROBUST,4740,0,0,1,2025-11-25 23:07:13
18,ROBUST,4740,0,0,2,2025-11-25 23:08:20
